product_id,title,description,tags,price,sizes,image_paths,source_url,store
fs_000,Two Chances Jewellery Aurora Earrings,,,9,One Size,/data/flyingsolo/images/000_0_header_logo.png|/data/flyingsolo/images/000_1_header_logo.png|/data/flyingsolo/images/000_2_Flying_Solo_logo.png|/data/flyingsolo/images/000_3_Two-Chances-Jewellery-Photoroom_20250703_093843-800x1067.jpg,https://flyingsolo.nyc/product/two-chances-jewellery-aurora-earrings/,Flying Solo NYC
fs_001,LONA STUDIOS Purple Amethyst Necklace,,,9,One Size,/data/flyingsolo/images/001_0_header_logo.png|/data/flyingsolo/images/001_1_header_logo.png|/data/flyingsolo/images/001_2_Flying_Solo_logo.png|/data/flyingsolo/images/001_3_Lona-Studios-7-800x1067.jpg,https://flyingsolo.nyc/product/lona-studios-purple-amethyst-necklace/,Flying Solo NYC
fs_002,MOODY GRAY Tahitian Lei Bracelet,,,9,One Size,/data/flyingsolo/images/002_0_header_logo.png|/data/flyingsolo/images/002_1_header_logo.png|/data/flyingsolo/images/002_2_Flying_Solo_logo.png|/data/flyingsolo/images/002_3_Global-Island-Treasures-Tahitian-Lei-Bracelet-with-ICON%E2%80%94NYC-2160-x-2880-px-portrait-800x1067.png,https://flyingsolo.nyc/product/moody-gray-tahitian-lei-bracelet/,Flying Solo NYC
fs_003,Scent Of Africa Hagé Eau De Parfum 100 ML,,,9,One Size,/data/flyingsolo/images/003_0_header_logo.png|/data/flyingsolo/images/003_1_header_logo.png|/data/flyingsolo/images/003_2_Flying_Solo_logo.png|/data/flyingsolo/images/003_3_Scent-of-Africa-SOA-HAGE-BOTTLE-100ML1-scaled-e1751328031814-1-800x1067.jpg,https://flyingsolo.nyc/product/scent-of-africa-hage-eau-de-parfum-100-ml/,Flying Solo NYC
fs_004,Les Soeurs de Noé RED BERRIES ELIXIR sample,,,9,One Size,/data/flyingsolo/images/004_0_header_logo.png|/data/flyingsolo/images/004_1_header_logo.png|/data/flyingsolo/images/004_2_Flying_Solo_logo.png|/data/flyingsolo/images/004_3_Les-Soeurs-de-Noe-red-berries-2ml-scaled-e1734979466751-1-800x1067.jpg,https://flyingsolo.nyc/product/les-soeurs-de-noe-red-berries-elixir-sample/,Flying Solo NYC
fs_005,ASCO Pink Mini Crossbody,,,9,One Size,/data/flyingsolo/images/005_0_header_logo.png|/data/flyingsolo/images/005_1_header_logo.png|/data/flyingsolo/images/005_2_Flying_Solo_logo.png|/data/flyingsolo/images/005_3_ASCO-Site-new-York-Anciennes-Co3.3-scaled-1-800x1067.jpg,https://flyingsolo.nyc/product/asco-pink-mini-crossbody/,Flying Solo NYC
fs_006,"Modern Natured GEN COLL: E-choke, Black",,,9,One Size,/data/flyingsolo/images/006_0_header_logo.png|/data/flyingsolo/images/006_1_header_logo.png|/data/flyingsolo/images/006_2_Flying_Solo_logo.png|/data/flyingsolo/images/006_3_Screenshot-2022-10-20-4.43.08-PM-e1721298935320-1-800x1067.png,https://flyingsolo.nyc/product/modern-natured-gen-coll-e-choke-black/,Flying Solo NYC
fs_007,INFILTRATOR Strawberry Hat,,,9,One Size,/data/flyingsolo/images/007_0_header_logo.png|/data/flyingsolo/images/007_1_header_logo.png|/data/flyingsolo/images/007_2_Flying_Solo_logo.png|/data/flyingsolo/images/007_3_INFILTRATOR-Strawberry-1-scaled-1-800x1067.jpg,https://flyingsolo.nyc/product/infiltrator-strawberry-hat/,Flying Solo NYC
fs_008,Les Soeurs De Noe Parfum Cuir Noir Black Edition 100 Ml,,,9,One Size,/data/flyingsolo/images/008_0_header_logo.png|/data/flyingsolo/images/008_1_header_logo.png|/data/flyingsolo/images/008_2_Flying_Solo_logo.png|/data/flyingsolo/images/008_3_Les-Soeurs-de-Noe-Cuir-Noir-Black-Edition-scaled-e1751325668113-1-800x1067.jpg,https://flyingsolo.nyc/product/les-soeurs-de-noe-parfum-cuir-noir-black-edition-100-ml/,Flying Solo NYC
fs_009,Elfeya Cosmetics Skincare,,,9,One Size,/data/flyingsolo/images/009_0_header_logo.png|/data/flyingsolo/images/009_1_header_logo.png|/data/flyingsolo/images/009_2_Flying_Solo_logo.png|/data/flyingsolo/images/009_3_Elfeya-Cosmetics-age-reverse-scaled-1-800x1067.jpg,https://flyingsolo.nyc/product/elfeya-cosmetics-skincare-4/,Flying Solo NYC
fs_010,A.SHIMUS Red Work Dress,,,9,Choose an option|S|M|L,/data/flyingsolo/images/010_0_header_logo.png|/data/flyingsolo/images/010_1_header_logo.png|/data/flyingsolo/images/010_2_Flying_Solo_logo.png|/data/flyingsolo/images/010_3_A.SHIMUS-25FW-Long-Sleeve-Wool-Shirt-Dress-Bordeaux-2-2160-%C3%97-2880-scaled-e1756899366646-800x1068.jpg,https://flyingsolo.nyc/product/a-shimus-red-work-dress/,Flying Solo NYC
fs_011,HIROMI ASAI Grey Knee Length Shorts,,,9,One Size,/data/flyingsolo/images/011_0_header_logo.png|/data/flyingsolo/images/011_1_header_logo.png|/data/flyingsolo/images/011_2_Flying_Solo_logo.png|/data/flyingsolo/images/011_3_Hiromi-Asai-SS25-pullover4-3-800x1067.jpg,https://flyingsolo.nyc/product/hiromi-asai-grey-knee-length-shorts/,Flying Solo NYC
fs_012,Re…ByTonyDrawbridge Green Acrylic Ring,,,9,One Size,/data/flyingsolo/images/012_0_header_logo.png|/data/flyingsolo/images/012_1_header_logo.png|/data/flyingsolo/images/012_2_Flying_Solo_logo.png|/data/flyingsolo/images/012_3_Re.byTonyDrawbridge-IMG_4247-800x1067.jpg,https://flyingsolo.nyc/product/re-bytonydrawbridge-green-acrylic-ring/,Flying Solo NYC
fs_013,Itu Golf Wear,,,9,Choose an option|S|M,/data/flyingsolo/images/013_0_header_logo.png|/data/flyingsolo/images/013_1_header_logo.png|/data/flyingsolo/images/013_2_Flying_Solo_logo.png|/data/flyingsolo/images/013_3_Itu-Golf-Wear-13-800x1067.png,https://flyingsolo.nyc/product/itu-golf-wear/,Flying Solo NYC
fs_014,925 Siller Silver Cubic Zirconia Earrings,,,9,One Size,/data/flyingsolo/images/014_0_header_logo.png|/data/flyingsolo/images/014_1_header_logo.png|/data/flyingsolo/images/014_2_Flying_Solo_logo.png|/data/flyingsolo/images/014_3_925-siller-W101_resized-4-800x1067.jpg,https://flyingsolo.nyc/product/925-siller-silver-cubic-zirconia-earrings-3/,Flying Solo NYC
fs_015,HauteLife World Zurich Grey,,,9,One Size,/data/flyingsolo/images/015_0_header_logo.png|/data/flyingsolo/images/015_1_header_logo.png|/data/flyingsolo/images/015_2_Flying_Solo_logo.png|/data/flyingsolo/images/015_3_HauteLife-World-IMG_5344-scaled-e1721297805570-1-800x1067.jpg,https://flyingsolo.nyc/product/hautelife-world-zurich-grey/,Flying Solo NYC
fs_016,STORIES Parfums No.01 Hand & Body Wash 500ml,,,9,One Size,/data/flyingsolo/images/016_0_header_logo.png|/data/flyingsolo/images/016_1_header_logo.png|/data/flyingsolo/images/016_2_Flying_Solo_logo.png|/data/flyingsolo/images/016_3_STORIES-Parfums-STORIES-No.01-500ml-Lotion-scaled-1-800x1067.jpg,https://flyingsolo.nyc/product/stories-parfums-no-01-hand-body-wash-500ml/,Flying Solo NYC
fs_017,Ilike Organic Skin Care QuadDefense Essence With Sea Buckthorn,,,9,One Size,/data/flyingsolo/images/017_0_header_logo.png|/data/flyingsolo/images/017_1_header_logo.png|/data/flyingsolo/images/017_2_Flying_Solo_logo.png|/data/flyingsolo/images/017_3_ilike-organic-skin-care-QuadDefense-Essence-30ml_00-scaled-1-800x1067.jpg,https://flyingsolo.nyc/product/ilike-organic-skin-care-quaddefense-essence-with-sea-buckthorn/,Flying Solo NYC
fs_018,Baszicare ABEO lux spot treatment 20ML,,,9,One Size,/data/flyingsolo/images/018_0_header_logo.png|/data/flyingsolo/images/018_1_header_logo.png|/data/flyingsolo/images/018_2_Flying_Solo_logo.png|/data/flyingsolo/images/018_3_4_baszicare_Abeoluxspottreatment_2160x2880_68298c1c-5a75-47bd-bd89-6e74ce905c76-scaled-e1724742102810-1-800x1067.jpg,https://flyingsolo.nyc/product/baszicare-abeo-lux-spot-treatment-20ml/,Flying Solo NYC
fs_019,House Of 29 X Melinda Maria Serpent Herringbone Collar 16″,,,9,One Size,/data/flyingsolo/images/019_0_header_logo.png|/data/flyingsolo/images/019_1_header_logo.png|/data/flyingsolo/images/019_2_Flying_Solo_logo.png|/data/flyingsolo/images/019_3_House-of-29-Serpent-Herringbone-Collar-16_-Gold-e1756135497716-800x1067.png,https://flyingsolo.nyc/product/house-of-29-x-melinda-maria-serpent-herringbone-collar-16/,Flying Solo NYC
fs_020,ELENA RUDENKO black clinked convertible crop top,,,9,Choose an option|S|M|L,/data/flyingsolo/images/020_0_header_logo.png|/data/flyingsolo/images/020_1_header_logo.png|/data/flyingsolo/images/020_2_Flying_Solo_logo.png|/data/flyingsolo/images/020_3_ELENA-RUDENKO-MagicEraser_230621_130829-scaled-e1719647257874-800x1068.jpeg,https://flyingsolo.nyc/product/elena-rudenko-black-clinked-convertible-crop-top/,Flying Solo NYC
fs_021,Atelier Mythique Gold Silver Bangle,,,9,One Size,/data/flyingsolo/images/021_0_header_logo.png|/data/flyingsolo/images/021_1_header_logo.png|/data/flyingsolo/images/021_2_Flying_Solo_logo.png|/data/flyingsolo/images/021_3_Atelier-Mythique-La-Dragonne-bangle-with-plain-collar-4-800x1067.jpg,https://flyingsolo.nyc/product/atelier-mythique-gold-silver-bangle/,Flying Solo NYC
fs_022,HN JEWELRY Green Jade Ring,,,9,Choose an option|6,/data/flyingsolo/images/022_0_header_logo.png|/data/flyingsolo/images/022_1_header_logo.png|/data/flyingsolo/images/022_2_Flying_Solo_logo.png|/data/flyingsolo/images/022_3_HN-JEWELRY-Untitled-design-44-800x1067.jpg,https://flyingsolo.nyc/product/hn-jewelry-green-jade-ring-2/,Flying Solo NYC
fs_023,Fundae Black High Heel Pump,,,9,Choose an option|6|7|7.5|9|11,/data/flyingsolo/images/023_0_header_logo.png|/data/flyingsolo/images/023_1_header_logo.png|/data/flyingsolo/images/023_2_Flying_Solo_logo.png|/data/flyingsolo/images/023_3_Fundae-14-1-scaled-1-800x1067.png,https://flyingsolo.nyc/product/fundae-black-high-heel-pump/,Flying Solo NYC
fs_024,DANIEL SILVERSTAIN x YABAYAY LOS MUERTOS POMPOM HOODIE,,,9,Choose an option|5|8|10|12,/data/flyingsolo/images/024_0_header_logo.png|/data/flyingsolo/images/024_1_header_logo.png|/data/flyingsolo/images/024_2_Flying_Solo_logo.png|/data/flyingsolo/images/024_3_DANIEL-SILVERSTAIN-986097002-1-800x951.jpg,https://flyingsolo.nyc/product/daniel-silverstain-x-yabayay-los-muertos-pompom-hoodie/,Flying Solo NYC
fs_025,BettyVonChic Metallic Mini Skirt,,,9,Choose an option|2|4|6|8|10|12|14,/data/flyingsolo/images/025_0_header_logo.png|/data/flyingsolo/images/025_1_header_logo.png|/data/flyingsolo/images/025_2_Flying_Solo_logo.png|/data/flyingsolo/images/025_3_BettyVonChic-IMG_0492-800x1067.jpg,https://flyingsolo.nyc/product/bettyvonchic-metallic-mini-skirt/,Flying Solo NYC
fs_026,Sparkle Collection Black Biker Jacket Jacket/Blazer,,,9,One Size,/data/flyingsolo/images/026_0_header_logo.png|/data/flyingsolo/images/026_1_header_logo.png|/data/flyingsolo/images/026_2_Flying_Solo_logo.png|/data/flyingsolo/images/026_3_Sparkle-Collection-%E4%B8%81%E7%87%88%E7%B6%81%E5%B8%B6-%E6%8B%B7%E8%B2%9D-800x1067.jpg,https://flyingsolo.nyc/product/sparkle-collection-black-biker-jacket-jacket-blazer-2/,Flying Solo NYC
fs_027,God Given Talent Ivory/Cream Fashion Hat,,,9,One Size,/data/flyingsolo/images/027_0_header_logo.png|/data/flyingsolo/images/027_1_header_logo.png|/data/flyingsolo/images/027_2_Flying_Solo_logo.png|/data/flyingsolo/images/027_3_God-Given-Talent-2025-01-26-God-Given-Talent-Packshots3256_3x4-GGT-Off-White-and-Olive-Green-scaled-1-800x1067.jpg,https://flyingsolo.nyc/product/god-given-talent-ivory-cream-fashion-hat/,Flying Solo NYC
fs_028,SIMEOGIEME Maxi Mary Dress,,,9,One Size,/data/flyingsolo/images/028_0_header_logo.png|/data/flyingsolo/images/028_1_header_logo.png|/data/flyingsolo/images/028_2_Flying_Solo_logo.png|/data/flyingsolo/images/028_3_SIMEOGIEME-Shot-9-scaled-e1733838357899-800x1067.jpg,https://flyingsolo.nyc/product/simeogieme-maxi-mary-dress/,Flying Solo NYC
fs_029,Vanimy Wave Faith Coin Medallion Necklace,,,9,One Size,/data/flyingsolo/images/029_0_header_logo.png|/data/flyingsolo/images/029_1_header_logo.png|/data/flyingsolo/images/029_2_Flying_Solo_logo.png|/data/flyingsolo/images/029_3_Vanimy-VNE230468-800x1067.jpg,https://flyingsolo.nyc/product/vanimy-wave-faith-coin-medallion-necklace/,Flying Solo NYC
fs_030,925 Siller Silver Cubic Zirconia Bracelet,,,9,One Size,/data/flyingsolo/images/030_0_header_logo.png|/data/flyingsolo/images/030_1_header_logo.png|/data/flyingsolo/images/030_2_Flying_Solo_logo.png|/data/flyingsolo/images/030_3_925-siller-6_no_cut-800x1067.jpg,https://flyingsolo.nyc/product/925-siller-silver-cubic-zirconia-bracelet-2/,Flying Solo NYC
fs_031,ASCO White Waist,,,9,One Size,/data/flyingsolo/images/031_0_header_logo.png|/data/flyingsolo/images/031_1_header_logo.png|/data/flyingsolo/images/031_2_Flying_Solo_logo.png|/data/flyingsolo/images/031_3_ASCO-NY-Pochette-noir-et-blanc-DVT-1-scaled-1-800x1067.jpg,https://flyingsolo.nyc/product/asco-white-waist/,Flying Solo NYC
fs_032,Manufaktur Boscana GmbH Skirt,,,9,Choose an option|36|38|40,/data/flyingsolo/images/032_0_header_logo.png|/data/flyingsolo/images/032_1_header_logo.png|/data/flyingsolo/images/032_2_Flying_Solo_logo.png|/data/flyingsolo/images/032_3_Manufaktur-Boscana-GmbH-6-1-800x1067.png,https://flyingsolo.nyc/product/manufaktur-boscana-gmbh-skirt/,Flying Solo NYC
fs_033,LONA STUDIOS Clear Crystal Necklace,,,9,One Size,/data/flyingsolo/images/033_0_header_logo.png|/data/flyingsolo/images/033_1_header_logo.png|/data/flyingsolo/images/033_2_Flying_Solo_logo.png|/data/flyingsolo/images/033_3_Lona-Studios-3-6-800x1067.jpg,https://flyingsolo.nyc/product/lona-studios-clear-crystal-necklace-2/,Flying Solo NYC
fs_034,SingleTree Lane Crab Of The Full Moon Wearable Art Top,,,9,Choose an option|S|M,/data/flyingsolo/images/034_0_header_logo.png|/data/flyingsolo/images/034_1_header_logo.png|/data/flyingsolo/images/034_2_Flying_Solo_logo.png|/data/flyingsolo/images/034_3_SingleTree-Lane-Crab-of-the-Full-Moon-Sweatshirt-1-800x1067.jpg,https://flyingsolo.nyc/product/singletree-lane-crab-of-the-full-moon-wearable-art-top/,Flying Solo NYC
fs_035,Rough And Tumble Vintage Purple Evening Dress,,,9,One Size,/data/flyingsolo/images/035_0_header_logo.png|/data/flyingsolo/images/035_1_header_logo.png|/data/flyingsolo/images/035_2_Flying_Solo_logo.png|/data/flyingsolo/images/035_3_Rough-and-Tumble-Vintage-8886-800x1067.jpg,https://flyingsolo.nyc/product/rough-and-tumble-vintage-purple-evening-dress-2/,Flying Solo NYC
fs_036,HORSE Spirit Sport Active Bodysuit White/Gold,,,9,Choose an option|S|M,/data/flyingsolo/images/036_0_header_logo.png|/data/flyingsolo/images/036_1_header_logo.png|/data/flyingsolo/images/036_2_Flying_Solo_logo.png|/data/flyingsolo/images/036_3_Horse-Spirit-HORSE_spirit_riding_bodysuits_white_gold4-800x1067.jpg,https://flyingsolo.nyc/product/horse-spirit-sport-active-bodysuit-white-gold/,Flying Solo NYC
fs_037,MONZLAPUR – Forrest Satin Wrap Dress with Crystals – Limited Edition,,,9,One Size,/data/flyingsolo/images/037_0_header_logo.png|/data/flyingsolo/images/037_1_header_logo.png|/data/flyingsolo/images/037_2_Flying_Solo_logo.png|/data/flyingsolo/images/037_3_MONZLAPUR-PhotoRoom_20230901_044427-e1719569682846-800x1067.jpg,https://flyingsolo.nyc/product/monzlapur-forrest-satin-wrap-dress-with-crystals-limited-edition/,Flying Solo NYC
fs_038,Jeunesse DoréE Paris Saint-Honoré White Diamond Necklace,,,9,One Size,/data/flyingsolo/images/038_0_header_logo.png|/data/flyingsolo/images/038_1_header_logo.png|/data/flyingsolo/images/038_2_Flying_Solo_logo.png|/data/flyingsolo/images/038_3_Jeunesse-Doree-Paris-10-800x1067.png,https://flyingsolo.nyc/product/jeunesse-doree-paris-saint-honore-white-diamond-necklace/,Flying Solo NYC
fs_039,Jiwya Bhuro Handmade Unisex Jacket,,,9,Choose an option|L|XL,/data/flyingsolo/images/039_0_header_logo.png|/data/flyingsolo/images/039_1_header_logo.png|/data/flyingsolo/images/039_2_Flying_Solo_logo.png|/data/flyingsolo/images/039_3_Jiwya-Ghost-Mannequin-8a-800x1000.jpg,https://flyingsolo.nyc/product/jiwya-bhuro-handmade-unisex-jacket/,Flying Solo NYC
fs_040,Nubo Baby Deer Embroidered Collar Baby Jumpsuit,,,9,Choose an option|3-6 Months|6-9 Months|9-12 Months,/data/flyingsolo/images/040_0_header_logo.png|/data/flyingsolo/images/040_1_header_logo.png|/data/flyingsolo/images/040_2_Flying_Solo_logo.png|/data/flyingsolo/images/040_3_Nubo-Baby-57-800x1067.jpg,https://flyingsolo.nyc/product/nubo-baby-deer-embroidered-collar-baby-jumpsuit/,Flying Solo NYC
fs_041,Cambaj Beige Resille Thong,,,9,Choose an option|S|M|L,/data/flyingsolo/images/041_0_header_logo.png|/data/flyingsolo/images/041_1_header_logo.png|/data/flyingsolo/images/041_2_Flying_Solo_logo.png|/data/flyingsolo/images/041_3_Cambaj-FS_Resille_Thong_Beige_1-800x1067.jpg,https://flyingsolo.nyc/product/cambaj-beige-resille-thong/,Flying Solo NYC
fs_042,House Of 29 X Melinda Maria Julian Triple Diamond Bracelet 7.5″,,,9,One Size,/data/flyingsolo/images/042_0_header_logo.png|/data/flyingsolo/images/042_1_header_logo.png|/data/flyingsolo/images/042_2_Flying_Solo_logo.png|/data/flyingsolo/images/042_3_House-of-29-Julian-Triple-Diamond-Cuban-Chain-Bracelet-7.5_-Gold-800x1067.png,https://flyingsolo.nyc/product/house-of-29-x-melinda-maria-julian-triple-diamond-bracelet-7-5/,Flying Solo NYC
fs_043,JEREMIE ST.CROIX Bronze Patent Leather Small Crossbody,,,9,One Size,/data/flyingsolo/images/043_0_header_logo.png|/data/flyingsolo/images/043_1_header_logo.png|/data/flyingsolo/images/043_2_Flying_Solo_logo.png|/data/flyingsolo/images/043_3_JEREMIE-ST.CROIX-Marie-20_Icy_Champagne_2610x3480-scaled-e1748388819984-800x1067-1-800x1067.png,https://flyingsolo.nyc/product/jeremie-st-croix-bronze-patent-leather-small-crossbody/,Flying Solo NYC
fs_044,Me Esse Blue Knee Length Skirt,,,9,Choose an option|4|6|8|10,/data/flyingsolo/images/044_0_header_logo.png|/data/flyingsolo/images/044_1_header_logo.png|/data/flyingsolo/images/044_2_Flying_Solo_logo.png|/data/flyingsolo/images/044_3_Me-Esse-Alicia-Tailored-Knee-Length-Skirt-Sky-Mist-Blue-scaled-e1756758460262-800x1068.jpg,https://flyingsolo.nyc/product/me-esse-blue-knee-length-skirt/,Flying Solo NYC
fs_045,AXEL HARDY TM Blue Cocktail Dress,,,9,Choose an option|S,/data/flyingsolo/images/045_0_header_logo.png|/data/flyingsolo/images/045_1_header_logo.png|/data/flyingsolo/images/045_2_Flying_Solo_logo.png|/data/flyingsolo/images/045_3_AXEL-HARDY-TM-GMPET1-800x1067.jpg,https://flyingsolo.nyc/product/axel-hardy-tm-blue-cocktail-dress/,Flying Solo NYC
fs_046,KAKERA Gold Ear Cuff,,,9,One Size,/data/flyingsolo/images/046_0_header_logo.png|/data/flyingsolo/images/046_1_header_logo.png|/data/flyingsolo/images/046_2_Flying_Solo_logo.png|/data/flyingsolo/images/046_3_KAKERA-342346152001-800x1067.jpg,https://flyingsolo.nyc/product/kakera-gold-ear-cuff/,Flying Solo NYC
fs_047,Skinteq puff off eye cream anti-puff anti-wrinkle & dark circles,,,9,One Size,/data/flyingsolo/images/047_0_header_logo.png|/data/flyingsolo/images/047_1_header_logo.png|/data/flyingsolo/images/047_2_Flying_Solo_logo.png|/data/flyingsolo/images/047_3_Skinteq-Photoroom_20250930_123435-e1759846893731-1-800x1067.jpeg,https://flyingsolo.nyc/product/skinteq-eye-care-skincare/,Flying Solo NYC
fs_048,SEÇİL AKKAYA White Evening Dress,,,9,One Size,/data/flyingsolo/images/048_0_header_logo.png|/data/flyingsolo/images/048_1_header_logo.png|/data/flyingsolo/images/048_2_Flying_Solo_logo.png|/data/flyingsolo/images/048_3_SECIL-AKKAYA-3-copy_R-scaled-e1747430818642-800x1067.jpg,https://flyingsolo.nyc/product/secil-akkaya-white-evening-dress/,Flying Solo NYC
fs_049,IZA BY SILVIA DAVILA – ABBY,,,9,One Size,/data/flyingsolo/images/049_0_header_logo.png|/data/flyingsolo/images/049_1_header_logo.png|/data/flyingsolo/images/049_2_Flying_Solo_logo.png|/data/flyingsolo/images/049_3_IZA-BY-SILVIA-DAVILA-ABBY-AU-AurabyGabby-GabbyCThomas-IzabySilviaDavila-jewelry-silver-gold-ring-earrings-necklaces-handmade-one-of-a-kind-IMG_3961-copy-scaled-e1724759443402-800x1066.jpg,https://flyingsolo.nyc/product/iza-by-silvia-davila-abby/,Flying Solo NYC
